0	3	assets/bootstrap.js
1	0	composer.json
77	4	composer.lock
21	80	config/metiers.yaml
4	1	config/packages/framework.yaml
3	3	config/packages/mailer.yaml
8	0	public/.htaccess
3	0	public/index.php
213	13	src/Controller/BlogController.php
43	20	src/Controller/ContactController.php
79	7	src/Controller/HomeController.php
27	19	src/Controller/MetierController.php
111	0	src/Entity/Blog.php
37	18	src/Form/BlogType.php
18	6	src/Form/FormationType.php
88	9	src/Repository/BlogRepository.php
4	2	src/Repository/FormationRepository.php
21	0	src/Service/MailService.php
131	1	src/Service/MetierService.php
18	0	symfony.lock
627	301	templates/base.html.twig
382	10	templates/content/blog/edit.html.twig
91	2	templates/content/blog/index.html.twig
239	10	templates/content/blog/new.html.twig
16	7	templates/content/blog/show.html.twig
13	8	templates/content/contact/index.html.twig
943	95	templates/content/ecole/certification-qaliopi-2.html.twig
1458	138	templates/content/ecole/coach-personnel.html.twig
808	108	templates/content/ecole/financer-ma-formation.html.twig
983	171	templates/content/ecole/formationadistanceetenligne.html.twig
857	105	templates/content/ecole/formations-eligibles-cpf.html.twig
1059	141	templates/content/ecole/nos-cours-par-correspondance.html.twig
732	67	templates/content/ecole/notre-equipe-pedagogique.html.twig
855	116	templates/content/ecole/notre-methode-apprentissage.html.twig
1197	108	templates/content/ecole/pourquoi-choisir-le-infpf.html.twig
2200	194	templates/content/formation/show.html.twig
14	35	templates/footer.html.twig
145	2	templates/home/formation.html.twig
1930	113	templates/home/home.html.twig
414	864	templates/metiers/index.html.twig
819	222	templates/metiers/show.html.twig
